<?xml version="1.0" encoding="UTF-8"?><changeHistory><change uid="jfx1j3je-rvq2" user="Various individuals"/><change uid="jfx1k1ll-59mn" user="ALEXIS Gonzalez"/><change uid="jfx1mcac-bnya" user="ALEXIS Gonzalez"/><change uid="jfx25885-9ua4" user="ALEXIS Gonzalez"/><change uid="jfx26tu1-5lzv" user="ALEXIS Gonzalez"/><change uid="jfy7u1gx-mxgd" user="ALEXIS Gonzalez"/><change uid="jfy861i4-i77y" user="ALEXIS Gonzalez"/><change uid="jfy8zhzo-fd0j" user="ALEXIS Gonzalez"/><change uid="jfya6m88-o6wm" user="ALEXIS Gonzalez"/><change uid="jfyern3l-kfvq" user="JESUS MEZA CRUZ"/><change uid="jfyf65dk-dh6s" user="JESUS MEZA CRUZ"/><change uid="jfyf8phj-rkzw" user="JESUS MEZA CRUZ"/><change uid="jfyfb577-m3my" user="JESUS MEZA CRUZ"/><change uid="jfygd1c5-roqp" user="JESUS MEZA CRUZ"/><change uid="jfygf52u-bdt" user="JESUS MEZA CRUZ"/><change uid="jfygfx8i-85im" user="JESUS MEZA CRUZ"/><change uid="jg2nvlgx-frco" user="ALEXIS Gonzalez"/><change uid="jg2p9880-1sbp" user="ALEXIS Gonzalez"/><change uid="jg5hi52u-iih8" user="ALEXIS Gonzalez"/><change uid="jg5lhwz1-56jr" user="ALEXIS Gonzalez"/><change uid="jg6zxdf3-prw8" user="ALEXIS Gonzalez"/><change uid="jgcn06bj-u1i6" user="ALEXIS Gonzalez"/><change uid="jge6pnpl-m8bh" user="JESUS MEZA CRUZ"/><change uid="jge7axf3-309f" user="JESUS MEZA CRUZ"/><change uid="jgi6712r-ibb1" user="ALEXIS Gonzalez"/></changeHistory>