<?xml version='1.0' encoding='UTF-8'?>
<project name='POPTEAM_CHIDO' id='7787564' tid='jfx0gpph:7787564' labels='none' dumpFileVersion='4.6.0' dumpTimestamp='@1524846431894'>
  <teamMember name='ELADIO CASTILLO CASTRO' tmid='1672094274' initials='ECC' subteams='' startDate='@1524441600000' startCalendarDate='2018-04-23' endWeek='5' hoursPerWeek='10.52'/>
  <teamMember name='ALEXIS GONZALEZ PIEDRA' tmid='1722912302' initials='AGP' subteams='' startDate='@1524441600000' startCalendarDate='2018-04-23' endWeek='5' hoursPerWeek='10.5'/>
  <teamMember name='Diana Elizabeth Andrade Puerta' tmid='817342134' initials='DEAP' subteams='' startDate='@1524441600000' startCalendarDate='2018-04-23' endWeek='5' hoursPerWeek='10.5'/>
  <teamMember name='Victor Herrera Ayala' tmid='1379951384' initials='VHA' subteams='' startDate='@1524441600000' startCalendarDate='2018-04-23' endWeek='5' hoursPerWeek='10.5'/>
  <teamMember name='JESUS MEZA CRUZ' tmid='388285552' initials='JMC' subteams='' startDate='@1524441600000' startCalendarDate='2018-04-23' endWeek='5' hoursPerWeek='10.52'/>
  <teamMember name='Brian Castillo Rodrigues' tmid='1018684880' initials='BrOsCR' subteams='' startDate='@1524441600000' startCalendarDate='2018-04-23' endWeek='5' hoursPerWeek='10.5'/>
  <milestone name='' mid='13234994' fullMid='jfx0gpph:13234994' color='#00ffff'/>
	<component name='Semana 1' id='7787470' tid='jfx0gpph:7787470' labels='none'>
		<task name='Preparación reunión estatus semana 1' id='7787472' tid='jfx0gpph:7787472' labels='none' phaseName='Test' phaseType='UT' time=',ECC=1,AGP=1,DEAP=1,VHA=1,JMC=1,BrOsCR=1,'/>
		<task name='Reunión de estatus semana 1' id='7787473' tid='jfx0gpph:7787473' labels='none' phaseName='Int Test' phaseType='IT' time=',ECC=1,AGP=1,DEAP=1,VHA=1,JMC=1,BrOsCR=1,'/>
		<task name='Actividades de rol' id='7787474' tid='jfx0gpph:7787474' labels='none' phaseName='Int Test' phaseType='IT' time=',ECC=5.1,AGP=6,DEAP=5,VHA=5,JMC=5.6,BrOsCR=6,'/>
		<task name='preparacion para reunion con el cliente' id='7787475' tid='jfx0gpph:7787475' labels='none' phaseName='Sys Test' phaseType='ST' time=',ECC=0.5,AGP=1.8333333333333333,DEAP=0.5,VHA=0.5,JMC=0.5,BrOsCR=0.5,' syncTime=',AGP=1.8333333333333333,'/>
		<task name='Primera Reunión con el cliente' id='7787476' tid='jfx0gpph:7787476' labels='none' phaseName='Sys Test' phaseType='ST' time=',ECC=1,AGP=1,DEAP=1,VHA=1,JMC=1,BrOsCR=1,'/>
		<task name='Análisis de la información' id='7787477' tid='jfx0gpph:7787477' labels='none' phaseName='Sys Test' phaseType='ST' time=',ECC=1,AGP=1.333333333,DEAP=1,VHA=1,JMC=1.333333333,BrOsCR=1,'/>
		<task name='Diagrama de casos de uso' id='7787478' tid='jfx0gpph:7787478' labels='none' phaseName='Documentation' phaseType='DOC'/>
		<task name='Revisión del diagrama de casos de uso' id='7787479' tid='jfx0gpph:7787479' labels='none' phaseName='Documentation' phaseType='DOC' time=',ECC=0.5,DEAP=1,'/>
		<task name='Corrección de diagrama de casos de uso' id='7787480' tid='jfx0gpph:7787480' labels='none' phaseName='Documentation' phaseType='DOC' time=',VHA=0.333333333,'/>
		<task name='Validación de casos de uso' id='7787481' tid='jfx0gpph:7787481' labels='none' phaseName='Accept Test' phaseType='AT' time=',ECC=0.333333333,DEAP=0.333333333,BrOsCR=0.166666667,'/>
		<task name='Diseño de los diagramas de conexiones RFID RC522' id='7787482' tid='jfx0gpph:7787482' labels='none' phaseName='Documentation' phaseType='DOC' time=',ECC=0.333333333,AGP=0.5,DEAP=0.5,VHA=0.5,JMC=0.333333333,BrOsCR=0.166666667,'/>
		<task name='Diseño de los diagramas de conexiones Teclado 4x4' id='7787483' tid='jfx0gpph:7787483' labels='none' phaseName='Documentation' phaseType='DOC' time=',ECC=0.333333333,AGP=0.5,DEAP=0.5,VHA=0.3333333333333333,JMC=0.333333333,BrOsCR=0.166666667,' syncTime=',VHA=0.3333333333333333,'/>
		<task name='Diseño de los diagramas de conexiones LedPixel' id='7787484' tid='jfx0gpph:7787484' labels='none' phaseName='Documentation' phaseType='DOC' time=',ECC=0.5,AGP=0.5,VHA=0.666666667,JMC=0.5,BrOsCR=0.166666667,'/>
		<task name='Revisión del diagrama de conexión RFID RC522' id='7787485' tid='jfx0gpph:7787485' labels='none' phaseName='Documentation' phaseType='DOC' time=',ECC=0.333333333,VHA=0.5,JMC=0.333333333,BrOsCR=0.166666667,'/>
		<task name='Validación de diagramas de RFID RC522' id='7787486' tid='jfx0gpph:7787486' labels='none' phaseName='Accept Test' phaseType='AT' time=',BrOsCR=0.166666667,'/>
		<task name='Revisión del diagrama de conexión Teclado 4x4' id='7787487' tid='jfx0gpph:7787487' labels='none' phaseName='Documentation' phaseType='DOC' time=',ECC=0.166666667,DEAP=0.166666667,BrOsCR=0.166666667,'/>
		<task name='Validación de diagramas de Teclado 4x4' id='7787488' tid='jfx0gpph:7787488' labels='none' phaseName='Accept Test' phaseType='AT' time=',BrOsCR=0.166666667,'/>
		<task name='Revisión del diagrama de conexión LedPixel' id='7787489' tid='jfx0gpph:7787489' labels='none' phaseName='Documentation' phaseType='DOC' time=',ECC=0.333333333,DEAP=0.333333333,VHA=0.333333333,JMC=0.5,'/>
		<task name='Validación de diagramas de LedPixel' id='7787490' tid='jfx0gpph:7787490' labels='none' phaseName='Accept Test' phaseType='AT' time=',BrOsCR=0.166666667,'/>
		<task name='Diseño de la caja que contendrá el hardware del sistema.' id='7787491' tid='jfx0gpph:7787491' labels='none' phaseName='Documentation' phaseType='DOC' time=',ECC=0.25,DEAP=0.25,VHA=0.25,JMC=0.25,BrOsCR=0.25,'/>
		<task name='Validación por parte del cliente (Solo la caja).' id='7787492' tid='jfx0gpph:7787492' labels='none' phaseName='Accept Test' phaseType='AT' time=',BrOsCR=0.333333333,'/>
		<task name='overhead' id='7787493' tid='jfx0gpph:7787493' labels='none' phaseName='Sys Test' phaseType='ST' time=',ECC=0.166666667,AGP=0.166666667,DEAP=0.166666667,VHA=0.166666667,JMC=0.166666667,BrOsCR=0.166666667,'/>
	</component>
	<component name='Semana 2' id='7787471' tid='jfx0gpph:7787471' labels='none'>
		<task name='instalacion de Raspbian' id='7787499' tid='jfx0gpph:7787499' labels='none' phaseName='Int Test' phaseType='IT' time=',AGP=0.5,VHA=0.5,JMC=0.5,BrOsCR=0.5,'/>
		<task name='configuracion de Raspbian' id='7787500' tid='jfx0gpph:7787500' labels='none' phaseName='Sys Test' phaseType='ST' time=',BrOsCR=1,'/>
		<task name='instalacion de IDE Arduino' id='7787501' tid='jfx0gpph:7787501' labels='none' phaseName='Test' phaseType='UT' time=',ECC=1,AGP=1,DEAP=1,VHA=1,JMC=1,BrOsCR=1,'/>
		<task name='configuracion de IDE Arduino' id='7787502' tid='jfx0gpph:7787502' labels='none' phaseName='Test' phaseType='UT' time=',ECC=0.4,AGP=0.5,DEAP=0.5,VHA=0.5,JMC=0.4,BrOsCR=0.5,'/>
		<task name='instalacion de putty' id='7787503' tid='jfx0gpph:7787503' labels='none' phaseName='Test' phaseType='UT' time=',ECC=0.25,AGP=0.25,DEAP=0.25,VHA=0.25,JMC=0.25,BrOsCR=0.25,'/>
		<task name='configuracion de putty' id='7787504' tid='jfx0gpph:7787504' labels='none' phaseName='Test' phaseType='UT' time=',ECC=0.166666667,AGP=0.166666667,DEAP=0.166666667,VHA=0.166666667,JMC=0.166666667,BrOsCR=0.166666667,'/>
		<task name='instalacion de WinSPC' id='7787505' tid='jfx0gpph:7787505' labels='none' phaseName='Test' phaseType='UT' time=',ECC=0.25,AGP=0.25,DEAP=0.25,VHA=0.25,JMC=0.25,BrOsCR=0.25,'/>
		<task name='configuracion de WinSPC' id='7787506' tid='jfx0gpph:7787506' labels='none' phaseName='Test' phaseType='UT' time=',ECC=0.166666667,AGP=0.166666667,DEAP=0.166666667,VHA=0.166666667,JMC=0.166666667,BrOsCR=0.166666667,'/>
		<task name='instalacion de servidor LAMP' id='7787507' tid='jfx0gpph:7787507' labels='none' phaseName='Test' phaseType='UT' time=',ECC=0.5,AGP=0.5,DEAP=0.5,VHA=0.5,JMC=0.5,BrOsCR=0.5,'/>
		<task name='configuracion del servidor LAMP' id='7787508' tid='jfx0gpph:7787508' labels='none' phaseName='Test' phaseType='UT' time=',ECC=0.5,AGP=0.5,DEAP=0.5,VHA=0.5,JMC=0.5,BrOsCR=0.5,'/>
		<task name='Realizar las conexiones según los diagramas de conexión' id='7787509' tid='jfx0gpph:7787509' labels='none' phaseName='Test' phaseType='UT' time=',JMC=1,'/>
		<task name='Programar (Pruebas) individuales de cada componente de hardware' id='7787510' tid='jfx0gpph:7787510' labels='none' phaseName='Sys Test' phaseType='ST' time=',AGP=1,VHA=1,'/>
		<task name='Integrar Arduino - Raspberry (Comunicación Serial).' id='7787511' tid='jfx0gpph:7787511' labels='none' phaseName='Test' phaseType='UT' time=',ECC=0.166666667,AGP=0.166666667,DEAP=0.166666667,VHA=0.166666667,JMC=0.166666667,BrOsCR=0.166666667,'/>
		<task name='Pruebas de comunicación entre Arduino - Raspberry.' id='7787512' tid='jfx0gpph:7787512' labels='none' phaseName='Sys Test' phaseType='ST' time=',ECC=1.5,DEAP=1.5,'/>
		<task name='preparacion de reunion de estatus(semana 2)' id='7787513' tid='jfx0gpph:7787513' labels='none' phaseName='Test' phaseType='UT' time=',ECC=1.1,AGP=1,DEAP=1,VHA=1,JMC=1.1,BrOsCR=1,'/>
		<task name='segunda reunion de estatus' id='7787514' tid='jfx0gpph:7787514' labels='none' phaseName='Test' phaseType='UT' time=',ECC=0,AGP=1,DEAP=1,VHA=1,JMC=1,BrOsCR=1,'/>
		<task name='preparacion de reunion con el cliente (semana 2)' id='7787515' tid='jfx0gpph:7787515' labels='none' phaseName='Test' phaseType='UT' time=',ECC=2,AGP=1,DEAP=1,VHA=1,JMC=1,BrOsCR=1,'/>
		<task name='segunda reunion con el cliente' id='7787516' tid='jfx0gpph:7787516' labels='none' phaseName='Test' phaseType='UT' time=',ECC=1,AGP=1,DEAP=1,VHA=1,JMC=1,BrOsCR=1,'/>
		<task name='Validación por parte del cliente' id='7787517' tid='jfx0gpph:7787517' labels='none' phaseName='Accept Test' phaseType='AT' time=',ECC=1,AGP=1,DEAP=1,VHA=1,JMC=1,BrOsCR=1,'/>
		<task name='overhead' id='7787518' tid='jfx0gpph:7787518' labels='none' phaseName='Test' phaseType='UT' time=',ECC=0.166666667,AGP=0.166666667,DEAP=0.166666667,VHA=0.166666667,JMC=0.166666667,BrOsCR=0.166666667,'/>
	</component>
	<component name='Semana 3' id='7787494' tid='jfx0gpph:7787494' labels='none'>
		<task name='Conexión a la base de datos.' id='7787520' tid='jfx0gpph:7787520' labels='none' phaseName='Test' phaseType='UT' time=',ECC=0.5,AGP=0.5,DEAP=0.5,VHA=0.5,JMC=0.5,BrOsCR=0.5,'/>
		<task name='Consumir datos de la base de datos.' id='7787521' tid='jfx0gpph:7787521' labels='none' phaseName='Test' phaseType='UT' time=',ECC=1,AGP=1,DEAP=1,VHA=1,JMC=1,BrOsCR=1,'/>
		<task name='Modulo para registrar datos del acceso.' id='7787522' tid='jfx0gpph:7787522' labels='none' phaseName='Test' phaseType='UT' time=',ECC=1,AGP=1,DEAP=1,VHA=1,JMC=1,BrOsCR=1,'/>
		<task name='Modulo para actualizar datos del código RFID.' id='7787523' tid='jfx0gpph:7787523' labels='none' phaseName='Test' phaseType='UT' time=',ECC=1,AGP=1,DEAP=1,VHA=1,JMC=1,BrOsCR=1,'/>
		<task name='Creación de direcciones (laravel)' id='7787524' tid='jfx0gpph:7787524' labels='none' phaseName='Test' phaseType='UT' time=',ECC=1,AGP=1,DEAP=1,VHA=1,JMC=1,BrOsCR=1,'/>
		<task name='Creación de tablas (laravel)' id='7787525' tid='jfx0gpph:7787525' labels='none' phaseName='Test' phaseType='UT' time=',ECC=0.5,AGP=0.5,DEAP=0.75,VHA=0.5,JMC=0.75,BrOsCR=0.75,'/>
		<task name='Desarrollar migraciones' id='7787526' tid='jfx0gpph:7787526' labels='none' phaseName='Test' phaseType='UT' time=',AGP=0.5,VHA=0.5,JMC=0.75,BrOsCR=0.75,'/>
		<task name='Revisar funcionamiento' id='7787527' tid='jfx0gpph:7787527' labels='none' phaseName='Sys Test' phaseType='ST' time=',ECC=0.5,DEAP=0.75,'/>
		<task name='Pruebas de inserción de datos' id='7787528' tid='jfx0gpph:7787528' labels='none' phaseName='Sys Test' phaseType='ST' time=',AGP=0.5,DEAP=0.75,BrOsCR=0.75,'/>
		<task name='Pruebas de eliminación de datos' id='7787529' tid='jfx0gpph:7787529' labels='none' phaseName='Sys Test' phaseType='ST' time=',ECC=0.5,VHA=0.5,JMC=0.75,'/>
		<task name='Pruebas de edición de datos' id='7787530' tid='jfx0gpph:7787530' labels='none' phaseName='Test' phaseType='UT' time=',ECC=0.5,AGP=0.5,DEAP=0.75,VHA=0.5,JMC=0.75,BrOsCR=0.75,'/>
		<task name='preparacion de reunion de estatus(semana 3)' id='7787531' tid='jfx0gpph:7787531' labels='none' phaseName='Test' phaseType='UT' time=',ECC=1,AGP=1,DEAP=1,VHA=1,JMC=1,BrOsCR=1,'/>
		<task name='tercera reunionde estatus' id='7787532' tid='jfx0gpph:7787532' labels='none' phaseName='Test' phaseType='UT' time=',ECC=1,AGP=1,VHA=1,BrOsCR=0,'/>
		<task name='preparacion de reunion con el cliente (semana 3)' id='7787533' tid='jfx0gpph:7787533' labels='none' phaseName='Test' phaseType='UT' time=',ECC=1,AGP=1,DEAP=1,VHA=1,JMC=1,BrOsCR=1,'/>
		<task name='tercera reunion con el cliente' id='7787534' tid='jfx0gpph:7787534' labels='none' phaseName='Test' phaseType='UT' time=',ECC=1,AGP=1,DEAP=1,VHA=1,JMC=1,BrOsCR=1,'/>
		<task name='overhead' id='7787535' tid='jfx0gpph:7787535' labels='none' phaseName='Test' phaseType='UT' time=',ECC=0.166666667,AGP=0.166666667,DEAP=0.166666667,VHA=0.166666667,JMC=0.166666667,BrOsCR=0.166666667,'/>
	</component>
	<component name='Semana 4' id='7787495' tid='jfx0gpph:7787495' labels='none'>
		<task name='Instalación y prueba de arranque.' id='7787537' tid='jfx0gpph:7787537' labels='none' phaseName='Test' phaseType='UT' time=',ECC=0.25,AGP=0.25,DEAP=0.25,VHA=0.25,JMC=0.25,BrOsCR=0.25,'/>
		<task name='Diseño de controladores y modelos (CRUD).' id='7787538' tid='jfx0gpph:7787538' labels='none' phaseName='Test' phaseType='UT' time=',ECC=1,AGP=1,DEAP=1,VHA=1,JMC=1,BrOsCR=1,'/>
		<task name='Diseño de vistas.' id='7787539' tid='jfx0gpph:7787539' labels='none' phaseName='Test' phaseType='UT' time=',ECC=1,AGP=1,DEAP=1,VHA=1,JMC=1,BrOsCR=1,'/>
		<task name='Integración de Backend y frontend.' id='7787540' tid='jfx0gpph:7787540' labels='none' phaseName='Test' phaseType='UT' time=',ECC=0.5,AGP=0.5,DEAP=0.5,VHA=0.5,JMC=0.5,BrOsCR=0.5,'/>
		<task name='Modulo para exportar datos en formato de Excel.' id='7787541' tid='jfx0gpph:7787541' labels='none' phaseName='Test' phaseType='UT' time=',AGP=0.5,VHA=0.5,BrOsCR=0.5,'/>
		<task name='verificacion del modulo de exportacion en formato Exel' id='7787542' tid='jfx0gpph:7787542' labels='none' phaseName='Test' phaseType='UT' time=',ECC=0.5,DEAP=0.5,JMC=0.5,'/>
		<task name='Modulo para separar tipo de horas de acceso (Clase, Practica, Consulta).' id='7787543' tid='jfx0gpph:7787543' labels='none' phaseName='Test' phaseType='UT' time=',ECC=0.5,AGP=0.5,DEAP=0.5,VHA=0.5,JMC=0.5,BrOsCR=0.5,'/>
		<task name='Login y roles de usuario (dentro del Laravel).' id='7787544' tid='jfx0gpph:7787544' labels='none' phaseName='Test' phaseType='UT' time=',ECC=0.75,AGP=0.75,DEAP=0.75,VHA=0.75,JMC=0.75,BrOsCR=0.75,'/>
		<task name='Integración PHP y Python (Módulos de Python).' id='7787545' tid='jfx0gpph:7787545' labels='none' phaseName='Test' phaseType='UT' time=',ECC=1,AGP=1,DEAP=1,VHA=1,JMC=1,BrOsCR=1,'/>
		<task name='Pruebas de funcionamiento.' id='7787546' tid='jfx0gpph:7787546' labels='none' phaseName='Sys Test' phaseType='ST' time=',ECC=1,DEAP=1,'/>
		<task name='Pruebas de seguridad.' id='7787547' tid='jfx0gpph:7787547' labels='none' phaseName='Sys Test' phaseType='ST' time=',AGP=1,VHA=1,JMC=1,BrOsCR=1,'/>
		<task name='preparacion de reunion de estatus(semana 4)' id='7787548' tid='jfx0gpph:7787548' labels='none' phaseName='Test' phaseType='UT' time=',ECC=1,AGP=1,DEAP=1,VHA=1,JMC=1,BrOsCR=1,'/>
		<task name='cuarta reunionde estatus' id='7787549' tid='jfx0gpph:7787549' labels='none' phaseName='Test' phaseType='UT' time=',ECC=1,AGP=1,DEAP=1,VHA=1,JMC=1,BrOsCR=1,'/>
		<task name='preparacion de reunion con el cliente (semana 4)' id='7787550' tid='jfx0gpph:7787550' labels='none' phaseName='Test' phaseType='UT' time=',ECC=1,AGP=1,DEAP=1,VHA=1,JMC=1,BrOsCR=1,'/>
		<task name='cuarta reunion con el cliente' id='7787551' tid='jfx0gpph:7787551' labels='none' phaseName='Test' phaseType='UT' time=',ECC=1,AGP=1,DEAP=1,VHA=1,JMC=1,BrOsCR=1,'/>
		<task name='overhead' id='7787552' tid='jfx0gpph:7787552' labels='none' phaseName='Test' phaseType='UT' time=',ECC=0.166666667,AGP=0.166666667,DEAP=0.166666667,VHA=0.166666667,JMC=0.166666667,BrOsCR=0.166666667,'/>
	</component>
	<component name='Semana 5' id='7787496' tid='jfx0gpph:7787496' labels='none'>
		<task name='Instalación del hardware' id='7787554' tid='jfx0gpph:7787554' labels='none' phaseName='Test' phaseType='UT' time=',ECC=1,AGP=1,DEAP=1,VHA=1,JMC=1,BrOsCR=1,'/>
		<task name='Configuración del hardware (En ser necesario alguna dirección IP, etc)' id='7787555' tid='jfx0gpph:7787555' labels='none' phaseName='Test' phaseType='UT' time=',ECC=1,AGP=1,DEAP=1,VHA=1,JMC=1,BrOsCR=1,'/>
		<task name='Pruebas de funcionalidad' id='7787556' tid='jfx0gpph:7787556' labels='none' phaseName='Test' phaseType='UT' time=',ECC=0.5,AGP=0.5,DEAP=0.5,VHA=0.5,JMC=0.5,BrOsCR=0.5,'/>
		<task name='Pruebas de estrés' id='7787557' tid='jfx0gpph:7787557' labels='none' phaseName='Test' phaseType='UT' time=',ECC=0.5,AGP=0.5,DEAP=0.5,VHA=0.5,JMC=0.5,BrOsCR=0.5,'/>
		<task name='preparacion de reunion de estatus(semana 4)' id='7787558' tid='jfx0gpph:7787558' labels='none' phaseName='Test' phaseType='UT' time=',ECC=1,AGP=1,DEAP=1,VHA=1,JMC=1,BrOsCR=1,'/>
		<task name='cuarta reunionde estatus' id='7787559' tid='jfx0gpph:7787559' labels='none' phaseName='Accept Test' phaseType='AT' time=',ECC=1,AGP=1,DEAP=1,VHA=1,JMC=1,BrOsCR=1,'/>
		<task name='preparacion de reunion con el cliente (semana 4)' id='7787560' tid='jfx0gpph:7787560' labels='none' phaseName='Test' phaseType='UT' time=',ECC=1,AGP=1,DEAP=1,VHA=1,JMC=1,BrOsCR=1,'/>
		<task name='cuarta reunion con el cliente' id='7787561' tid='jfx0gpph:7787561' labels='none' phaseName='Test' phaseType='UT' time=',ECC=1,AGP=1,DEAP=1,VHA=1,JMC=1,BrOsCR=1,'/>
		<task name='Capasitacion a usuarios' id='7787563' tid='jfx0gpph:7787563' labels='none' phaseName='Test' phaseType='UT' time=',ECC=1,AGP=1,DEAP=1,VHA=1,JMC=1,BrOsCR=1,'/>
		<task name='overhead' id='7787562' tid='jfx0gpph:7787562' labels='none' phaseName='Test' phaseType='UT' time=',ECC=0.166666667,AGP=0.166666667,DEAP=0.166666667,VHA=0.166666667,JMC=0.166666667,BrOsCR=0.166666667,'/>
	</component>
</project>
