<wbsModel>
  <wbsNode name='POPTEAM_CHIDO' id='7787564' type='Project' indentLevel='0' expanded='true'>
    <attr name='createdWithVersion' value='4.6.0'/>
    <attr name='workflowIDsScrubbed' value='true'/>
  </wbsNode>
    <wbsNode name='Semana 1' id='7787470' type='Component' indentLevel='1' expanded='true'/>
      <wbsNode name='Preparación reunión estatus semana 1' id='7787472' type='Test Task' indentLevel='2'>
        <attr name='AGP-Time (Top Down)' value='1.0'/>
        <attr name='BrOsCR-Time (Top Down)' value='1.0'/>
        <attr name='DEAP-Time (Top Down)' value='1.0'/>
        <attr name='ECC-Time (Top Down)' value='1.0'/>
        <attr name='JMC-Time (Top Down)' value='1.0'/>
        <attr name='Time (Top Down)' value='6.0'/>
        <attr name='Time Per Person' value='1.0'/>
        <attr name='VHA-Time (Top Down)' value='1.0'/>
      </wbsNode>
      <wbsNode name='Reunión de estatus semana 1' id='7787473' type='Int Test Task' indentLevel='2'>
        <attr name='AGP-Time (Top Down)' value='1.0'/>
        <attr name='BrOsCR-Time (Top Down)' value='1.0'/>
        <attr name='DEAP-Time (Top Down)' value='1.0'/>
        <attr name='ECC-Time (Top Down)' value='1.0'/>
        <attr name='JMC-Time (Top Down)' value='1.0'/>
        <attr name='Time (Top Down)' value='6.0'/>
        <attr name='Time Per Person' value='1.0'/>
        <attr name='VHA-Time (Top Down)' value='1.0'/>
      </wbsNode>
      <wbsNode name='Actividades de rol' id='7787474' type='Int Test Task' indentLevel='2'>
        <attr name='AGP-Time (Top Down)' value='6.0'/>
        <attr name='BrOsCR-Time (Top Down)' value='6.0'/>
        <attr name='DEAP-Time (Top Down)' value='5.0'/>
        <attr name='ECC-Time (Top Down)' value='5.1'/>
        <attr name='JMC-Time (Top Down)' value='5.6'/>
        <attr name='Time (Top Down)' value='32.7'/>
        <attr name='Time Per Person' value='5.0'/>
        <attr name='VHA-Time (Top Down)' value='5.0'/>
      </wbsNode>
      <wbsNode name='preparacion para reunion con el cliente' id='7787475' type='Sys Test Task' indentLevel='2'>
        <attr name='AGP-Time (Synced)' value='1.8333333333333333'/>
        <attr name='AGP-Time (Top Down)' value='1.8333333333333333'/>
        <attr name='BrOsCR-Time (Top Down)' value='0.5'/>
        <attr name='DEAP-Time (Top Down)' value='0.5'/>
        <attr name='ECC-Time (Top Down)' value='0.5'/>
        <attr name='JMC-Time (Top Down)' value='0.5'/>
        <attr name='Time (Top Down)' value='4.333333333333333'/>
        <attr name='Time Per Person' value='0.5'/>
        <attr name='VHA-Time (Top Down)' value='0.5'/>
      </wbsNode>
      <wbsNode name='Primera Reunión con el cliente' id='7787476' type='Sys Test Task' indentLevel='2'>
        <attr name='AGP-Time (Top Down)' value='1.0'/>
        <attr name='BrOsCR-Time (Top Down)' value='1.0'/>
        <attr name='DEAP-Time (Top Down)' value='1.0'/>
        <attr name='ECC-Time (Top Down)' value='1.0'/>
        <attr name='JMC-Time (Top Down)' value='1.0'/>
        <attr name='Time (Top Down)' value='6.0'/>
        <attr name='Time Per Person' value='1.0'/>
        <attr name='VHA-Time (Top Down)' value='1.0'/>
      </wbsNode>
      <wbsNode name='Análisis de la información' id='7787477' type='Sys Test Task' indentLevel='2'>
        <attr name='AGP-Time (Top Down)' value='1.333333333'/>
        <attr name='BrOsCR-Time (Top Down)' value='1.0'/>
        <attr name='DEAP-Time (Top Down)' value='1.0'/>
        <attr name='ECC-Time (Top Down)' value='1.0'/>
        <attr name='JMC-Time (Top Down)' value='1.333333333'/>
        <attr name='Time (Top Down)' value='6.666666665999999'/>
        <attr name='Time Per Person' value='1.0'/>
        <attr name='VHA-Time (Top Down)' value='1.0'/>
      </wbsNode>
      <wbsNode name='Diagrama de casos de uso' id='7787478' type='Documentation Task' indentLevel='2'>
        <attr name='Time Per Person' value='0.0'/>
      </wbsNode>
      <wbsNode name='Revisión del diagrama de casos de uso' id='7787479' type='Documentation Task' indentLevel='2'>
        <attr name='DEAP-Time (Top Down)' value='1.0'/>
        <attr name='ECC-Time (Top Down)' value='0.5'/>
        <attr name='Time (Top Down)' value='1.5'/>
        <attr name='Time Per Person' value='1.0'/>
      </wbsNode>
      <wbsNode name='Corrección de diagrama de casos de uso' id='7787480' type='Documentation Task' indentLevel='2'>
        <attr name='Time (Top Down)' value='0.333333333'/>
        <attr name='Time Per Person' value='0.333333333'/>
        <attr name='VHA-Time (Top Down)' value='0.333333333'/>
      </wbsNode>
      <wbsNode name='Validación de casos de uso' id='7787481' type='Accept Test Task' indentLevel='2'>
        <attr name='BrOsCR-Time (Top Down)' value='0.166666667'/>
        <attr name='DEAP-Time (Top Down)' value='0.333333333'/>
        <attr name='ECC-Time (Top Down)' value='0.333333333'/>
        <attr name='Time (Top Down)' value='0.833333333'/>
        <attr name='Time Per Person' value='0.333333333'/>
      </wbsNode>
      <wbsNode name='Diseño de los diagramas de conexiones RFID RC522' id='7787482' type='Documentation Task' indentLevel='2'>
        <attr name='AGP-Time (Top Down)' value='0.5'/>
        <attr name='BrOsCR-Time (Top Down)' value='0.166666667'/>
        <attr name='DEAP-Time (Top Down)' value='0.5'/>
        <attr name='ECC-Time (Top Down)' value='0.333333333'/>
        <attr name='JMC-Time (Top Down)' value='0.333333333'/>
        <attr name='Time (Top Down)' value='2.333333333'/>
        <attr name='Time Per Person' value='0.5'/>
        <attr name='VHA-Time (Top Down)' value='0.5'/>
      </wbsNode>
      <wbsNode name='Diseño de los diagramas de conexiones Teclado 4x4' id='7787483' type='Documentation Task' indentLevel='2'>
        <attr name='AGP-Time (Top Down)' value='0.5'/>
        <attr name='BrOsCR-Time (Top Down)' value='0.166666667'/>
        <attr name='DEAP-Time (Top Down)' value='0.5'/>
        <attr name='ECC-Time (Top Down)' value='0.333333333'/>
        <attr name='JMC-Time (Top Down)' value='0.333333333'/>
        <attr name='Time (Top Down)' value='2.166666666333333'/>
        <attr name='Time Per Person' value='0.333333333'/>
        <attr name='VHA-Time (Synced)' value='0.3333333333333333'/>
        <attr name='VHA-Time (Top Down)' value='0.3333333333333333'/>
      </wbsNode>
      <wbsNode name='Diseño de los diagramas de conexiones LedPixel' id='7787484' type='Documentation Task' indentLevel='2'>
        <attr name='AGP-Time (Top Down)' value='0.5'/>
        <attr name='BrOsCR-Time (Top Down)' value='0.166666667'/>
        <attr name='ECC-Time (Top Down)' value='0.5'/>
        <attr name='JMC-Time (Top Down)' value='0.5'/>
        <attr name='Time (Top Down)' value='2.3333333339999998'/>
        <attr name='Time Per Person' value='0.5'/>
        <attr name='VHA-Time (Top Down)' value='0.666666667'/>
      </wbsNode>
      <wbsNode name='Revisión del diagrama de conexión RFID RC522' id='7787485' type='Documentation Task' indentLevel='2'>
        <attr name='BrOsCR-Time (Top Down)' value='0.166666667'/>
        <attr name='ECC-Time (Top Down)' value='0.333333333'/>
        <attr name='JMC-Time (Top Down)' value='0.333333333'/>
        <attr name='Time (Top Down)' value='1.3333333330000001'/>
        <attr name='Time Per Person' value='0.333333333'/>
        <attr name='VHA-Time (Top Down)' value='0.5'/>
      </wbsNode>
      <wbsNode name='Validación de diagramas de RFID RC522' id='7787486' type='Accept Test Task' indentLevel='2'>
        <attr name='BrOsCR-Time (Top Down)' value='0.166666667'/>
        <attr name='Time (Top Down)' value='0.166666667'/>
        <attr name='Time Per Person' value='0.166666667'/>
      </wbsNode>
      <wbsNode name='Revisión del diagrama de conexión Teclado 4x4' id='7787487' type='Documentation Task' indentLevel='2'>
        <attr name='BrOsCR-Time (Top Down)' value='0.166666667'/>
        <attr name='DEAP-Time (Top Down)' value='0.166666667'/>
        <attr name='ECC-Time (Top Down)' value='0.166666667'/>
        <attr name='Time (Top Down)' value='0.500000001'/>
        <attr name='Time Per Person' value='0.166666667'/>
      </wbsNode>
      <wbsNode name='Validación de diagramas de Teclado 4x4' id='7787488' type='Accept Test Task' indentLevel='2'>
        <attr name='BrOsCR-Time (Top Down)' value='0.166666667'/>
        <attr name='Time (Top Down)' value='0.166666667'/>
        <attr name='Time Per Person' value='0.166666667'/>
      </wbsNode>
      <wbsNode name='Revisión del diagrama de conexión LedPixel' id='7787489' type='Documentation Task' indentLevel='2'>
        <attr name='DEAP-Time (Top Down)' value='0.333333333'/>
        <attr name='ECC-Time (Top Down)' value='0.333333333'/>
        <attr name='JMC-Time (Top Down)' value='0.5'/>
        <attr name='Time (Top Down)' value='1.499999999'/>
        <attr name='Time Per Person' value='0.333333333'/>
        <attr name='VHA-Time (Top Down)' value='0.333333333'/>
      </wbsNode>
      <wbsNode name='Validación de diagramas de LedPixel' id='7787490' type='Accept Test Task' indentLevel='2'>
        <attr name='BrOsCR-Time (Top Down)' value='0.166666667'/>
        <attr name='Time (Top Down)' value='0.166666667'/>
        <attr name='Time Per Person' value='0.166666667'/>
      </wbsNode>
      <wbsNode name='Diseño de la caja que contendrá el hardware del sistema.' id='7787491' type='Documentation Task' indentLevel='2'>
        <attr name='BrOsCR-Time (Top Down)' value='0.25'/>
        <attr name='DEAP-Time (Top Down)' value='0.25'/>
        <attr name='ECC-Time (Top Down)' value='0.25'/>
        <attr name='JMC-Time (Top Down)' value='0.25'/>
        <attr name='Time (Top Down)' value='1.25'/>
        <attr name='Time Per Person' value='0.25'/>
        <attr name='VHA-Time (Top Down)' value='0.25'/>
      </wbsNode>
      <wbsNode name='Validación por parte del cliente (Solo la caja).' id='7787492' type='Accept Test Task' indentLevel='2'>
        <attr name='BrOsCR-Time (Top Down)' value='0.333333333'/>
        <attr name='Time (Top Down)' value='0.333333333'/>
        <attr name='Time Per Person' value='0.333333333'/>
      </wbsNode>
      <wbsNode name='overhead' id='7787493' type='Sys Test Task' indentLevel='2'>
        <attr name='AGP-Time (Top Down)' value='0.166666667'/>
        <attr name='BrOsCR-Time (Top Down)' value='0.166666667'/>
        <attr name='DEAP-Time (Top Down)' value='0.166666667'/>
        <attr name='ECC-Time (Top Down)' value='0.166666667'/>
        <attr name='JMC-Time (Top Down)' value='0.166666667'/>
        <attr name='Time (Top Down)' value='1.000000002'/>
        <attr name='Time Per Person' value='0.166666667'/>
        <attr name='VHA-Time (Top Down)' value='0.166666667'/>
      </wbsNode>
    <wbsNode name='Semana 2' id='7787471' type='Component' indentLevel='1'/>
      <wbsNode name='instalacion de Raspbian' id='7787499' type='Int Test Task' indentLevel='2'>
        <attr name='AGP-Time (Top Down)' value='0.5'/>
        <attr name='BrOsCR-Time (Top Down)' value='0.5'/>
        <attr name='JMC-Time (Top Down)' value='0.5'/>
        <attr name='Time (Top Down)' value='2.0'/>
        <attr name='Time Per Person' value='0.5'/>
        <attr name='VHA-Time (Top Down)' value='0.5'/>
      </wbsNode>
      <wbsNode name='configuracion de Raspbian' id='7787500' type='Sys Test Task' indentLevel='2'>
        <attr name='BrOsCR-Time (Top Down)' value='1.0'/>
        <attr name='Time (Top Down)' value='1.0'/>
        <attr name='Time Per Person' value='1.0'/>
      </wbsNode>
      <wbsNode name='instalacion de IDE Arduino' id='7787501' type='Test Task' indentLevel='2'>
        <attr name='AGP-Time (Top Down)' value='1.0'/>
        <attr name='BrOsCR-Time (Top Down)' value='1.0'/>
        <attr name='DEAP-Time (Top Down)' value='1.0'/>
        <attr name='ECC-Time (Top Down)' value='1.0'/>
        <attr name='JMC-Time (Top Down)' value='1.0'/>
        <attr name='Time (Top Down)' value='6.0'/>
        <attr name='Time Per Person' value='1.0'/>
        <attr name='VHA-Time (Top Down)' value='1.0'/>
      </wbsNode>
      <wbsNode name='configuracion de IDE Arduino' id='7787502' type='Test Task' indentLevel='2'>
        <attr name='AGP-Time (Top Down)' value='0.5'/>
        <attr name='BrOsCR-Time (Top Down)' value='0.5'/>
        <attr name='DEAP-Time (Top Down)' value='0.5'/>
        <attr name='ECC-Time (Top Down)' value='0.4'/>
        <attr name='JMC-Time (Top Down)' value='0.4'/>
        <attr name='Time (Top Down)' value='2.8'/>
        <attr name='Time Per Person' value='0.5'/>
        <attr name='VHA-Time (Top Down)' value='0.5'/>
      </wbsNode>
      <wbsNode name='instalacion de putty' id='7787503' type='Test Task' indentLevel='2'>
        <attr name='AGP-Time (Top Down)' value='0.25'/>
        <attr name='BrOsCR-Time (Top Down)' value='0.25'/>
        <attr name='DEAP-Time (Top Down)' value='0.25'/>
        <attr name='ECC-Time (Top Down)' value='0.25'/>
        <attr name='JMC-Time (Top Down)' value='0.25'/>
        <attr name='Time (Top Down)' value='1.5'/>
        <attr name='Time Per Person' value='0.25'/>
        <attr name='VHA-Time (Top Down)' value='0.25'/>
      </wbsNode>
      <wbsNode name='configuracion de putty' id='7787504' type='Test Task' indentLevel='2'>
        <attr name='AGP-Time (Top Down)' value='0.166666667'/>
        <attr name='BrOsCR-Time (Top Down)' value='0.166666667'/>
        <attr name='DEAP-Time (Top Down)' value='0.166666667'/>
        <attr name='ECC-Time (Top Down)' value='0.166666667'/>
        <attr name='JMC-Time (Top Down)' value='0.166666667'/>
        <attr name='Time (Top Down)' value='1.000000002'/>
        <attr name='Time Per Person' value='0.166666667'/>
        <attr name='VHA-Time (Top Down)' value='0.166666667'/>
      </wbsNode>
      <wbsNode name='instalacion de WinSPC' id='7787505' type='Test Task' indentLevel='2'>
        <attr name='AGP-Time (Top Down)' value='0.25'/>
        <attr name='BrOsCR-Time (Top Down)' value='0.25'/>
        <attr name='DEAP-Time (Top Down)' value='0.25'/>
        <attr name='ECC-Time (Top Down)' value='0.25'/>
        <attr name='JMC-Time (Top Down)' value='0.25'/>
        <attr name='Time (Top Down)' value='1.5'/>
        <attr name='Time Per Person' value='0.25'/>
        <attr name='VHA-Time (Top Down)' value='0.25'/>
      </wbsNode>
      <wbsNode name='configuracion de WinSPC' id='7787506' type='Test Task' indentLevel='2'>
        <attr name='AGP-Time (Top Down)' value='0.166666667'/>
        <attr name='BrOsCR-Time (Top Down)' value='0.166666667'/>
        <attr name='DEAP-Time (Top Down)' value='0.166666667'/>
        <attr name='ECC-Time (Top Down)' value='0.166666667'/>
        <attr name='JMC-Time (Top Down)' value='0.166666667'/>
        <attr name='Time (Top Down)' value='1.000000002'/>
        <attr name='Time Per Person' value='0.166666667'/>
        <attr name='VHA-Time (Top Down)' value='0.166666667'/>
      </wbsNode>
      <wbsNode name='instalacion de servidor LAMP' id='7787507' type='Test Task' indentLevel='2'>
        <attr name='AGP-Time (Top Down)' value='0.5'/>
        <attr name='BrOsCR-Time (Top Down)' value='0.5'/>
        <attr name='DEAP-Time (Top Down)' value='0.5'/>
        <attr name='ECC-Time (Top Down)' value='0.5'/>
        <attr name='JMC-Time (Top Down)' value='0.5'/>
        <attr name='Time (Top Down)' value='3.0'/>
        <attr name='Time Per Person' value='0.5'/>
        <attr name='VHA-Time (Top Down)' value='0.5'/>
      </wbsNode>
      <wbsNode name='configuracion del servidor LAMP' id='7787508' type='Test Task' indentLevel='2'>
        <attr name='AGP-Time (Top Down)' value='0.5'/>
        <attr name='BrOsCR-Time (Top Down)' value='0.5'/>
        <attr name='DEAP-Time (Top Down)' value='0.5'/>
        <attr name='ECC-Time (Top Down)' value='0.5'/>
        <attr name='JMC-Time (Top Down)' value='0.5'/>
        <attr name='Time (Top Down)' value='3.0'/>
        <attr name='Time Per Person' value='0.5'/>
        <attr name='VHA-Time (Top Down)' value='0.5'/>
      </wbsNode>
      <wbsNode name='Realizar las conexiones según los diagramas de conexión' id='7787509' type='Test Task' indentLevel='2'>
        <attr name='JMC-Time (Top Down)' value='1.0'/>
        <attr name='Time (Top Down)' value='1.0'/>
        <attr name='Time Per Person' value='1.0'/>
      </wbsNode>
      <wbsNode name='Programar (Pruebas) individuales de cada componente de hardware' id='7787510' type='Sys Test Task' indentLevel='2'>
        <attr name='AGP-Time (Top Down)' value='1.0'/>
        <attr name='Time (Top Down)' value='2.0'/>
        <attr name='Time Per Person' value='1.0'/>
        <attr name='VHA-Time (Top Down)' value='1.0'/>
      </wbsNode>
      <wbsNode name='Integrar Arduino - Raspberry (Comunicación Serial).' id='7787511' type='Test Task' indentLevel='2'>
        <attr name='AGP-Time (Top Down)' value='0.166666667'/>
        <attr name='BrOsCR-Time (Top Down)' value='0.166666667'/>
        <attr name='DEAP-Time (Top Down)' value='0.166666667'/>
        <attr name='ECC-Time (Top Down)' value='0.166666667'/>
        <attr name='JMC-Time (Top Down)' value='0.166666667'/>
        <attr name='Time (Top Down)' value='1.000000002'/>
        <attr name='Time Per Person' value='0.166666667'/>
        <attr name='VHA-Time (Top Down)' value='0.166666667'/>
      </wbsNode>
      <wbsNode name='Pruebas de comunicación entre Arduino - Raspberry.' id='7787512' type='Sys Test Task' indentLevel='2'>
        <attr name='DEAP-Time (Top Down)' value='1.5'/>
        <attr name='ECC-Time (Top Down)' value='1.5'/>
        <attr name='Time (Top Down)' value='3.0'/>
        <attr name='Time Per Person' value='1.5'/>
      </wbsNode>
      <wbsNode name='preparacion de reunion de estatus(semana 2)' id='7787513' type='Test Task' indentLevel='2'>
        <attr name='AGP-Time (Top Down)' value='1.0'/>
        <attr name='BrOsCR-Time (Top Down)' value='1.0'/>
        <attr name='DEAP-Time (Top Down)' value='1.0'/>
        <attr name='ECC-Time (Top Down)' value='1.1'/>
        <attr name='JMC-Time (Top Down)' value='1.1'/>
        <attr name='Time (Top Down)' value='6.199999999999999'/>
        <attr name='Time Per Person' value='1.0'/>
        <attr name='VHA-Time (Top Down)' value='1.0'/>
      </wbsNode>
      <wbsNode name='segunda reunion de estatus' id='7787514' type='Test Task' indentLevel='2'>
        <attr name='AGP-Time (Top Down)' value='1.0'/>
        <attr name='BrOsCR-Time (Top Down)' value='1.0'/>
        <attr name='DEAP-Time (Top Down)' value='1.0'/>
        <attr name='ECC (Assigned With Zero)' value='t'/>
        <attr name='JMC-Time (Top Down)' value='1.0'/>
        <attr name='Time (Top Down)' value='5.0'/>
        <attr name='Time Per Person' value='1.0'/>
        <attr name='VHA-Time (Top Down)' value='1.0'/>
      </wbsNode>
      <wbsNode name='preparacion de reunion con el cliente (semana 2)' id='7787515' type='Test Task' indentLevel='2'>
        <attr name='AGP-Time (Top Down)' value='1.0'/>
        <attr name='BrOsCR-Time (Top Down)' value='1.0'/>
        <attr name='DEAP-Time (Top Down)' value='1.0'/>
        <attr name='ECC-Time (Top Down)' value='2.0'/>
        <attr name='JMC-Time (Top Down)' value='1.0'/>
        <attr name='Time (Top Down)' value='7.0'/>
        <attr name='Time Per Person' value='1.0'/>
        <attr name='VHA-Time (Top Down)' value='1.0'/>
      </wbsNode>
      <wbsNode name='segunda reunion con el cliente' id='7787516' type='Test Task' indentLevel='2'>
        <attr name='AGP-Time (Top Down)' value='1.0'/>
        <attr name='BrOsCR-Time (Top Down)' value='1.0'/>
        <attr name='DEAP-Time (Top Down)' value='1.0'/>
        <attr name='ECC-Time (Top Down)' value='1.0'/>
        <attr name='JMC-Time (Top Down)' value='1.0'/>
        <attr name='Time (Top Down)' value='6.0'/>
        <attr name='Time Per Person' value='1.0'/>
        <attr name='VHA-Time (Top Down)' value='1.0'/>
      </wbsNode>
      <wbsNode name='Validación por parte del cliente' id='7787517' type='Accept Test Task' indentLevel='2'>
        <attr name='AGP-Time (Top Down)' value='1.0'/>
        <attr name='BrOsCR-Time (Top Down)' value='1.0'/>
        <attr name='DEAP-Time (Top Down)' value='1.0'/>
        <attr name='ECC-Time (Top Down)' value='1.0'/>
        <attr name='JMC-Time (Top Down)' value='1.0'/>
        <attr name='Time (Top Down)' value='6.0'/>
        <attr name='Time Per Person' value='1.0'/>
        <attr name='VHA-Time (Top Down)' value='1.0'/>
      </wbsNode>
      <wbsNode name='overhead' id='7787518' type='Test Task' indentLevel='2'>
        <attr name='AGP-Time (Top Down)' value='0.166666667'/>
        <attr name='BrOsCR-Time (Top Down)' value='0.166666667'/>
        <attr name='DEAP-Time (Top Down)' value='0.166666667'/>
        <attr name='ECC-Time (Top Down)' value='0.166666667'/>
        <attr name='JMC-Time (Top Down)' value='0.166666667'/>
        <attr name='Time (Top Down)' value='1.000000002'/>
        <attr name='Time Per Person' value='0.166666667'/>
        <attr name='VHA-Time (Top Down)' value='0.166666667'/>
      </wbsNode>
    <wbsNode name='Semana 3' id='7787494' type='Component' indentLevel='1'/>
      <wbsNode name='Conexión a la base de datos.' id='7787520' type='Test Task' indentLevel='2'>
        <attr name='AGP-Time (Top Down)' value='0.5'/>
        <attr name='BrOsCR-Time (Top Down)' value='0.5'/>
        <attr name='DEAP-Time (Top Down)' value='0.5'/>
        <attr name='ECC-Time (Top Down)' value='0.5'/>
        <attr name='JMC-Time (Top Down)' value='0.5'/>
        <attr name='Time (Top Down)' value='3.0'/>
        <attr name='Time Per Person' value='0.5'/>
        <attr name='VHA-Time (Top Down)' value='0.5'/>
      </wbsNode>
      <wbsNode name='Consumir datos de la base de datos.' id='7787521' type='Test Task' indentLevel='2'>
        <attr name='AGP-Time (Top Down)' value='1.0'/>
        <attr name='BrOsCR-Time (Top Down)' value='1.0'/>
        <attr name='DEAP-Time (Top Down)' value='1.0'/>
        <attr name='ECC-Time (Top Down)' value='1.0'/>
        <attr name='JMC-Time (Top Down)' value='1.0'/>
        <attr name='Time (Top Down)' value='6.0'/>
        <attr name='Time Per Person' value='1.0'/>
        <attr name='VHA-Time (Top Down)' value='1.0'/>
      </wbsNode>
      <wbsNode name='Modulo para registrar datos del acceso.' id='7787522' type='Test Task' indentLevel='2'>
        <attr name='AGP-Time (Top Down)' value='1.0'/>
        <attr name='BrOsCR-Time (Top Down)' value='1.0'/>
        <attr name='DEAP-Time (Top Down)' value='1.0'/>
        <attr name='ECC-Time (Top Down)' value='1.0'/>
        <attr name='JMC-Time (Top Down)' value='1.0'/>
        <attr name='Time (Top Down)' value='6.0'/>
        <attr name='Time Per Person' value='1.0'/>
        <attr name='VHA-Time (Top Down)' value='1.0'/>
      </wbsNode>
      <wbsNode name='Modulo para actualizar datos del código RFID.' id='7787523' type='Test Task' indentLevel='2'>
        <attr name='AGP-Time (Top Down)' value='1.0'/>
        <attr name='BrOsCR-Time (Top Down)' value='1.0'/>
        <attr name='DEAP-Time (Top Down)' value='1.0'/>
        <attr name='ECC-Time (Top Down)' value='1.0'/>
        <attr name='JMC-Time (Top Down)' value='1.0'/>
        <attr name='Time (Top Down)' value='6.0'/>
        <attr name='Time Per Person' value='1.0'/>
        <attr name='VHA-Time (Top Down)' value='1.0'/>
      </wbsNode>
      <wbsNode name='Creación de direcciones (laravel)' id='7787524' type='Test Task' indentLevel='2'>
        <attr name='AGP-Time (Top Down)' value='1.0'/>
        <attr name='BrOsCR-Time (Top Down)' value='1.0'/>
        <attr name='DEAP-Time (Top Down)' value='1.0'/>
        <attr name='ECC-Time (Top Down)' value='1.0'/>
        <attr name='JMC-Time (Top Down)' value='1.0'/>
        <attr name='Time (Top Down)' value='6.0'/>
        <attr name='Time Per Person' value='1.0'/>
        <attr name='VHA-Time (Top Down)' value='1.0'/>
      </wbsNode>
      <wbsNode name='Creación de tablas (laravel)' id='7787525' type='Test Task' indentLevel='2'>
        <attr name='AGP-Time (Top Down)' value='0.5'/>
        <attr name='BrOsCR-Time (Top Down)' value='0.75'/>
        <attr name='DEAP-Time (Top Down)' value='0.75'/>
        <attr name='ECC-Time (Top Down)' value='0.5'/>
        <attr name='JMC-Time (Top Down)' value='0.75'/>
        <attr name='Time (Top Down)' value='3.75'/>
        <attr name='Time Per Person' value='0.75'/>
        <attr name='VHA-Time (Top Down)' value='0.5'/>
      </wbsNode>
      <wbsNode name='Desarrollar migraciones' id='7787526' type='Test Task' indentLevel='2'>
        <attr name='AGP-Time (Top Down)' value='0.5'/>
        <attr name='BrOsCR-Time (Top Down)' value='0.75'/>
        <attr name='JMC-Time (Top Down)' value='0.75'/>
        <attr name='Time (Top Down)' value='2.5'/>
        <attr name='Time Per Person' value='0.75'/>
        <attr name='VHA-Time (Top Down)' value='0.5'/>
      </wbsNode>
      <wbsNode name='Revisar funcionamiento' id='7787527' type='Sys Test Task' indentLevel='2'>
        <attr name='DEAP-Time (Top Down)' value='0.75'/>
        <attr name='ECC-Time (Top Down)' value='0.5'/>
        <attr name='Time (Top Down)' value='1.25'/>
        <attr name='Time Per Person' value='0.75'/>
      </wbsNode>
      <wbsNode name='Pruebas de inserción de datos' id='7787528' type='Sys Test Task' indentLevel='2'>
        <attr name='AGP-Time (Top Down)' value='0.5'/>
        <attr name='BrOsCR-Time (Top Down)' value='0.75'/>
        <attr name='DEAP-Time (Top Down)' value='0.75'/>
        <attr name='Time (Top Down)' value='2.0'/>
        <attr name='Time Per Person' value='0.75'/>
      </wbsNode>
      <wbsNode name='Pruebas de eliminación de datos' id='7787529' type='Sys Test Task' indentLevel='2'>
        <attr name='ECC-Time (Top Down)' value='0.5'/>
        <attr name='JMC-Time (Top Down)' value='0.75'/>
        <attr name='Time (Top Down)' value='1.75'/>
        <attr name='Time Per Person' value='0.5'/>
        <attr name='VHA-Time (Top Down)' value='0.5'/>
      </wbsNode>
      <wbsNode name='Pruebas de edición de datos' id='7787530' type='Test Task' indentLevel='2'>
        <attr name='AGP-Time (Top Down)' value='0.5'/>
        <attr name='BrOsCR-Time (Top Down)' value='0.75'/>
        <attr name='DEAP-Time (Top Down)' value='0.75'/>
        <attr name='ECC-Time (Top Down)' value='0.5'/>
        <attr name='JMC-Time (Top Down)' value='0.75'/>
        <attr name='Time (Top Down)' value='3.75'/>
        <attr name='Time Per Person' value='0.75'/>
        <attr name='VHA-Time (Top Down)' value='0.5'/>
      </wbsNode>
      <wbsNode name='preparacion de reunion de estatus(semana 3)' id='7787531' type='Test Task' indentLevel='2'>
        <attr name='AGP-Time (Top Down)' value='1.0'/>
        <attr name='BrOsCR-Time (Top Down)' value='1.0'/>
        <attr name='DEAP-Time (Top Down)' value='1.0'/>
        <attr name='ECC-Time (Top Down)' value='1.0'/>
        <attr name='JMC-Time (Top Down)' value='1.0'/>
        <attr name='Time (Top Down)' value='6.0'/>
        <attr name='Time Per Person' value='1.0'/>
        <attr name='VHA-Time (Top Down)' value='1.0'/>
      </wbsNode>
      <wbsNode name='tercera reunionde estatus' id='7787532' type='Test Task' indentLevel='2'>
        <attr name='AGP-Time (Top Down)' value='1.0'/>
        <attr name='BrOsCR (Assigned With Zero)' value='t'/>
        <attr name='ECC-Time (Top Down)' value='1.0'/>
        <attr name='Time (Top Down)' value='3.0'/>
        <attr name='Time Per Person' value='1.0'/>
        <attr name='VHA-Time (Top Down)' value='1.0'/>
      </wbsNode>
      <wbsNode name='preparacion de reunion con el cliente (semana 3)' id='7787533' type='Test Task' indentLevel='2'>
        <attr name='AGP-Time (Top Down)' value='1.0'/>
        <attr name='BrOsCR-Time (Top Down)' value='1.0'/>
        <attr name='DEAP-Time (Top Down)' value='1.0'/>
        <attr name='ECC-Time (Top Down)' value='1.0'/>
        <attr name='JMC-Time (Top Down)' value='1.0'/>
        <attr name='Time (Top Down)' value='6.0'/>
        <attr name='Time Per Person' value='1.0'/>
        <attr name='VHA-Time (Top Down)' value='1.0'/>
      </wbsNode>
      <wbsNode name='tercera reunion con el cliente' id='7787534' type='Test Task' indentLevel='2'>
        <attr name='AGP-Time (Top Down)' value='1.0'/>
        <attr name='BrOsCR-Time (Top Down)' value='1.0'/>
        <attr name='DEAP-Time (Top Down)' value='1.0'/>
        <attr name='ECC-Time (Top Down)' value='1.0'/>
        <attr name='JMC-Time (Top Down)' value='1.0'/>
        <attr name='Time (Top Down)' value='6.0'/>
        <attr name='Time Per Person' value='1.0'/>
        <attr name='VHA-Time (Top Down)' value='1.0'/>
      </wbsNode>
      <wbsNode name='overhead' id='7787535' type='Test Task' indentLevel='2'>
        <attr name='AGP-Time (Top Down)' value='0.166666667'/>
        <attr name='BrOsCR-Time (Top Down)' value='0.166666667'/>
        <attr name='DEAP-Time (Top Down)' value='0.166666667'/>
        <attr name='ECC-Time (Top Down)' value='0.166666667'/>
        <attr name='JMC-Time (Top Down)' value='0.166666667'/>
        <attr name='Time (Top Down)' value='1.000000002'/>
        <attr name='Time Per Person' value='0.166666667'/>
        <attr name='VHA-Time (Top Down)' value='0.166666667'/>
      </wbsNode>
    <wbsNode name='Semana 4' id='7787495' type='Component' indentLevel='1'/>
      <wbsNode name='Instalación y prueba de arranque.' id='7787537' type='Test Task' indentLevel='2'>
        <attr name='AGP-Time (Top Down)' value='0.25'/>
        <attr name='BrOsCR-Time (Top Down)' value='0.25'/>
        <attr name='DEAP-Time (Top Down)' value='0.25'/>
        <attr name='ECC-Time (Top Down)' value='0.25'/>
        <attr name='JMC-Time (Top Down)' value='0.25'/>
        <attr name='Time (Top Down)' value='1.5'/>
        <attr name='Time Per Person' value='0.25'/>
        <attr name='VHA-Time (Top Down)' value='0.25'/>
      </wbsNode>
      <wbsNode name='Diseño de controladores y modelos (CRUD).' id='7787538' type='Test Task' indentLevel='2'>
        <attr name='AGP-Time (Top Down)' value='1.0'/>
        <attr name='BrOsCR-Time (Top Down)' value='1.0'/>
        <attr name='DEAP-Time (Top Down)' value='1.0'/>
        <attr name='ECC-Time (Top Down)' value='1.0'/>
        <attr name='JMC-Time (Top Down)' value='1.0'/>
        <attr name='Time (Top Down)' value='6.0'/>
        <attr name='Time Per Person' value='1.0'/>
        <attr name='VHA-Time (Top Down)' value='1.0'/>
      </wbsNode>
      <wbsNode name='Diseño de vistas.' id='7787539' type='Test Task' indentLevel='2'>
        <attr name='AGP-Time (Top Down)' value='1.0'/>
        <attr name='BrOsCR-Time (Top Down)' value='1.0'/>
        <attr name='DEAP-Time (Top Down)' value='1.0'/>
        <attr name='ECC-Time (Top Down)' value='1.0'/>
        <attr name='JMC-Time (Top Down)' value='1.0'/>
        <attr name='Time (Top Down)' value='6.0'/>
        <attr name='Time Per Person' value='1.0'/>
        <attr name='VHA-Time (Top Down)' value='1.0'/>
      </wbsNode>
      <wbsNode name='Integración de Backend y frontend.' id='7787540' type='Test Task' indentLevel='2'>
        <attr name='AGP-Time (Top Down)' value='0.5'/>
        <attr name='BrOsCR-Time (Top Down)' value='0.5'/>
        <attr name='DEAP-Time (Top Down)' value='0.5'/>
        <attr name='ECC-Time (Top Down)' value='0.5'/>
        <attr name='JMC-Time (Top Down)' value='0.5'/>
        <attr name='Time (Top Down)' value='3.0'/>
        <attr name='Time Per Person' value='0.5'/>
        <attr name='VHA-Time (Top Down)' value='0.5'/>
      </wbsNode>
      <wbsNode name='Modulo para exportar datos en formato de Excel.' id='7787541' type='Test Task' indentLevel='2'>
        <attr name='AGP-Time (Top Down)' value='0.5'/>
        <attr name='BrOsCR-Time (Top Down)' value='0.5'/>
        <attr name='Time (Top Down)' value='1.5'/>
        <attr name='Time Per Person' value='0.5'/>
        <attr name='VHA-Time (Top Down)' value='0.5'/>
      </wbsNode>
      <wbsNode name='verificacion del modulo de exportacion en formato Exel' id='7787542' type='Test Task' indentLevel='2'>
        <attr name='DEAP-Time (Top Down)' value='0.5'/>
        <attr name='ECC-Time (Top Down)' value='0.5'/>
        <attr name='JMC-Time (Top Down)' value='0.5'/>
        <attr name='Time (Top Down)' value='1.5'/>
        <attr name='Time Per Person' value='0.5'/>
      </wbsNode>
      <wbsNode name='Modulo para separar tipo de horas de acceso (Clase, Practica, Consulta).' id='7787543' type='Test Task' indentLevel='2'>
        <attr name='AGP-Time (Top Down)' value='0.5'/>
        <attr name='BrOsCR-Time (Top Down)' value='0.5'/>
        <attr name='DEAP-Time (Top Down)' value='0.5'/>
        <attr name='ECC-Time (Top Down)' value='0.5'/>
        <attr name='JMC-Time (Top Down)' value='0.5'/>
        <attr name='Time (Top Down)' value='3.0'/>
        <attr name='Time Per Person' value='0.5'/>
        <attr name='VHA-Time (Top Down)' value='0.5'/>
      </wbsNode>
      <wbsNode name='Login y roles de usuario (dentro del Laravel).' id='7787544' type='Test Task' indentLevel='2'>
        <attr name='AGP-Time (Top Down)' value='0.75'/>
        <attr name='BrOsCR-Time (Top Down)' value='0.75'/>
        <attr name='DEAP-Time (Top Down)' value='0.75'/>
        <attr name='ECC-Time (Top Down)' value='0.75'/>
        <attr name='JMC-Time (Top Down)' value='0.75'/>
        <attr name='Time (Top Down)' value='4.5'/>
        <attr name='Time Per Person' value='0.75'/>
        <attr name='VHA-Time (Top Down)' value='0.75'/>
      </wbsNode>
      <wbsNode name='Integración PHP y Python (Módulos de Python).' id='7787545' type='Test Task' indentLevel='2'>
        <attr name='AGP-Time (Top Down)' value='1.0'/>
        <attr name='BrOsCR-Time (Top Down)' value='1.0'/>
        <attr name='DEAP-Time (Top Down)' value='1.0'/>
        <attr name='ECC-Time (Top Down)' value='1.0'/>
        <attr name='JMC-Time (Top Down)' value='1.0'/>
        <attr name='Time (Top Down)' value='6.0'/>
        <attr name='Time Per Person' value='1.0'/>
        <attr name='VHA-Time (Top Down)' value='1.0'/>
      </wbsNode>
      <wbsNode name='Pruebas de funcionamiento.' id='7787546' type='Sys Test Task' indentLevel='2'>
        <attr name='DEAP-Time (Top Down)' value='1.0'/>
        <attr name='ECC-Time (Top Down)' value='1.0'/>
        <attr name='Time (Top Down)' value='2.0'/>
        <attr name='Time Per Person' value='1.0'/>
      </wbsNode>
      <wbsNode name='Pruebas de seguridad.' id='7787547' type='Sys Test Task' indentLevel='2'>
        <attr name='AGP-Time (Top Down)' value='1.0'/>
        <attr name='BrOsCR-Time (Top Down)' value='1.0'/>
        <attr name='JMC-Time (Top Down)' value='1.0'/>
        <attr name='Time (Top Down)' value='4.0'/>
        <attr name='Time Per Person' value='1.0'/>
        <attr name='VHA-Time (Top Down)' value='1.0'/>
      </wbsNode>
      <wbsNode name='preparacion de reunion de estatus(semana 4)' id='7787548' type='Test Task' indentLevel='2'>
        <attr name='AGP-Time (Top Down)' value='1.0'/>
        <attr name='BrOsCR-Time (Top Down)' value='1.0'/>
        <attr name='DEAP-Time (Top Down)' value='1.0'/>
        <attr name='ECC-Time (Top Down)' value='1.0'/>
        <attr name='JMC-Time (Top Down)' value='1.0'/>
        <attr name='Time (Top Down)' value='6.0'/>
        <attr name='Time Per Person' value='1.0'/>
        <attr name='VHA-Time (Top Down)' value='1.0'/>
      </wbsNode>
      <wbsNode name='cuarta reunionde estatus' id='7787549' type='Test Task' indentLevel='2'>
        <attr name='AGP-Time (Top Down)' value='1.0'/>
        <attr name='BrOsCR-Time (Top Down)' value='1.0'/>
        <attr name='DEAP-Time (Top Down)' value='1.0'/>
        <attr name='ECC-Time (Top Down)' value='1.0'/>
        <attr name='JMC-Time (Top Down)' value='1.0'/>
        <attr name='Time (Top Down)' value='6.0'/>
        <attr name='Time Per Person' value='1.0'/>
        <attr name='VHA-Time (Top Down)' value='1.0'/>
      </wbsNode>
      <wbsNode name='preparacion de reunion con el cliente (semana 4)' id='7787550' type='Test Task' indentLevel='2'>
        <attr name='AGP-Time (Top Down)' value='1.0'/>
        <attr name='BrOsCR-Time (Top Down)' value='1.0'/>
        <attr name='DEAP-Time (Top Down)' value='1.0'/>
        <attr name='ECC-Time (Top Down)' value='1.0'/>
        <attr name='JMC-Time (Top Down)' value='1.0'/>
        <attr name='Time (Top Down)' value='6.0'/>
        <attr name='Time Per Person' value='1.0'/>
        <attr name='VHA-Time (Top Down)' value='1.0'/>
      </wbsNode>
      <wbsNode name='cuarta reunion con el cliente' id='7787551' type='Test Task' indentLevel='2'>
        <attr name='AGP-Time (Top Down)' value='1.0'/>
        <attr name='BrOsCR-Time (Top Down)' value='1.0'/>
        <attr name='DEAP-Time (Top Down)' value='1.0'/>
        <attr name='ECC-Time (Top Down)' value='1.0'/>
        <attr name='JMC-Time (Top Down)' value='1.0'/>
        <attr name='Time (Top Down)' value='6.0'/>
        <attr name='Time Per Person' value='1.0'/>
        <attr name='VHA-Time (Top Down)' value='1.0'/>
      </wbsNode>
      <wbsNode name='overhead' id='7787552' type='Test Task' indentLevel='2'>
        <attr name='AGP-Time (Top Down)' value='0.166666667'/>
        <attr name='BrOsCR-Time (Top Down)' value='0.166666667'/>
        <attr name='DEAP-Time (Top Down)' value='0.166666667'/>
        <attr name='ECC-Time (Top Down)' value='0.166666667'/>
        <attr name='JMC-Time (Top Down)' value='0.166666667'/>
        <attr name='Time (Top Down)' value='1.000000002'/>
        <attr name='Time Per Person' value='0.166666667'/>
        <attr name='VHA-Time (Top Down)' value='0.166666667'/>
      </wbsNode>
    <wbsNode name='Semana 5' id='7787496' type='Component' indentLevel='1'/>
      <wbsNode name='Instalación del hardware' id='7787554' type='Test Task' indentLevel='2'>
        <attr name='AGP-Time (Top Down)' value='1.0'/>
        <attr name='BrOsCR-Time (Top Down)' value='1.0'/>
        <attr name='DEAP-Time (Top Down)' value='1.0'/>
        <attr name='ECC-Time (Top Down)' value='1.0'/>
        <attr name='JMC-Time (Top Down)' value='1.0'/>
        <attr name='Time (Top Down)' value='6.0'/>
        <attr name='Time Per Person' value='1.0'/>
        <attr name='VHA-Time (Top Down)' value='1.0'/>
      </wbsNode>
      <wbsNode name='Configuración del hardware (En ser necesario alguna dirección IP, etc)' id='7787555' type='Test Task' indentLevel='2'>
        <attr name='AGP-Time (Top Down)' value='1.0'/>
        <attr name='BrOsCR-Time (Top Down)' value='1.0'/>
        <attr name='DEAP-Time (Top Down)' value='1.0'/>
        <attr name='ECC-Time (Top Down)' value='1.0'/>
        <attr name='JMC-Time (Top Down)' value='1.0'/>
        <attr name='Time (Top Down)' value='6.0'/>
        <attr name='Time Per Person' value='1.0'/>
        <attr name='VHA-Time (Top Down)' value='1.0'/>
      </wbsNode>
      <wbsNode name='Pruebas de funcionalidad' id='7787556' type='Test Task' indentLevel='2'>
        <attr name='AGP-Time (Top Down)' value='0.5'/>
        <attr name='BrOsCR-Time (Top Down)' value='0.5'/>
        <attr name='DEAP-Time (Top Down)' value='0.5'/>
        <attr name='ECC-Time (Top Down)' value='0.5'/>
        <attr name='JMC-Time (Top Down)' value='0.5'/>
        <attr name='Time (Top Down)' value='3.0'/>
        <attr name='Time Per Person' value='0.5'/>
        <attr name='VHA-Time (Top Down)' value='0.5'/>
      </wbsNode>
      <wbsNode name='Pruebas de estrés' id='7787557' type='Test Task' indentLevel='2'>
        <attr name='AGP-Time (Top Down)' value='0.5'/>
        <attr name='BrOsCR-Time (Top Down)' value='0.5'/>
        <attr name='DEAP-Time (Top Down)' value='0.5'/>
        <attr name='ECC-Time (Top Down)' value='0.5'/>
        <attr name='JMC-Time (Top Down)' value='0.5'/>
        <attr name='Time (Top Down)' value='3.0'/>
        <attr name='Time Per Person' value='0.5'/>
        <attr name='VHA-Time (Top Down)' value='0.5'/>
      </wbsNode>
      <wbsNode name='preparacion de reunion de estatus(semana 4)' id='7787558' type='Test Task' indentLevel='2'>
        <attr name='AGP-Time (Top Down)' value='1.0'/>
        <attr name='BrOsCR-Time (Top Down)' value='1.0'/>
        <attr name='DEAP-Time (Top Down)' value='1.0'/>
        <attr name='ECC-Time (Top Down)' value='1.0'/>
        <attr name='JMC-Time (Top Down)' value='1.0'/>
        <attr name='Time (Top Down)' value='6.0'/>
        <attr name='Time Per Person' value='1.0'/>
        <attr name='VHA-Time (Top Down)' value='1.0'/>
      </wbsNode>
      <wbsNode name='cuarta reunionde estatus' id='7787559' type='Accept Test Task' indentLevel='2'>
        <attr name='AGP-Time (Top Down)' value='1.0'/>
        <attr name='BrOsCR-Time (Top Down)' value='1.0'/>
        <attr name='DEAP-Time (Top Down)' value='1.0'/>
        <attr name='ECC-Time (Top Down)' value='1.0'/>
        <attr name='JMC-Time (Top Down)' value='1.0'/>
        <attr name='Time (Top Down)' value='6.0'/>
        <attr name='Time Per Person' value='1.0'/>
        <attr name='VHA-Time (Top Down)' value='1.0'/>
      </wbsNode>
      <wbsNode name='preparacion de reunion con el cliente (semana 4)' id='7787560' type='Test Task' indentLevel='2'>
        <attr name='AGP-Time (Top Down)' value='1.0'/>
        <attr name='BrOsCR-Time (Top Down)' value='1.0'/>
        <attr name='DEAP-Time (Top Down)' value='1.0'/>
        <attr name='ECC-Time (Top Down)' value='1.0'/>
        <attr name='JMC-Time (Top Down)' value='1.0'/>
        <attr name='Time (Top Down)' value='6.0'/>
        <attr name='Time Per Person' value='1.0'/>
        <attr name='VHA-Time (Top Down)' value='1.0'/>
      </wbsNode>
      <wbsNode name='cuarta reunion con el cliente' id='7787561' type='Test Task' indentLevel='2'>
        <attr name='AGP-Time (Top Down)' value='1.0'/>
        <attr name='BrOsCR-Time (Top Down)' value='1.0'/>
        <attr name='DEAP-Time (Top Down)' value='1.0'/>
        <attr name='ECC-Time (Top Down)' value='1.0'/>
        <attr name='JMC-Time (Top Down)' value='1.0'/>
        <attr name='Time (Top Down)' value='6.0'/>
        <attr name='Time Per Person' value='1.0'/>
        <attr name='VHA-Time (Top Down)' value='1.0'/>
      </wbsNode>
      <wbsNode name='Capasitacion a usuarios' id='7787563' type='Test Task' indentLevel='2'>
        <attr name='AGP-Time (Top Down)' value='1.0'/>
        <attr name='BrOsCR-Time (Top Down)' value='1.0'/>
        <attr name='DEAP-Time (Top Down)' value='1.0'/>
        <attr name='ECC-Time (Top Down)' value='1.0'/>
        <attr name='JMC-Time (Top Down)' value='1.0'/>
        <attr name='Time (Top Down)' value='6.0'/>
        <attr name='Time Per Person' value='1.0'/>
        <attr name='VHA-Time (Top Down)' value='1.0'/>
      </wbsNode>
      <wbsNode name='overhead' id='7787562' type='Test Task' indentLevel='2'>
        <attr name='AGP-Time (Top Down)' value='0.166666667'/>
        <attr name='BrOsCR-Time (Top Down)' value='0.166666667'/>
        <attr name='DEAP-Time (Top Down)' value='0.166666667'/>
        <attr name='ECC-Time (Top Down)' value='0.166666667'/>
        <attr name='JMC-Time (Top Down)' value='0.166666667'/>
        <attr name='Time (Top Down)' value='1.000000002'/>
        <attr name='Time Per Person' value='0.166666667'/>
        <attr name='VHA-Time (Top Down)' value='0.166666667'/>
      </wbsNode>
</wbsModel>
